Area,Item,Year,average_rain_fall_mm_per_year,Temperature
,,,,
Surgana,Rice,2024,221.9,221.9
Surgana,Wheat,2024,221.9,221.9
Surgana,Jawar,2024,221.9,221.9
Surgana,Bajra,2024,221.9,221.9
Surgana,Maize,2024,221.9,221.9
Surgana,Sugarcane,2024,221.9,221.9
Surgana,Grapes,2024,221.9,221.9
Surgana,Vegetables,2024,221.9,221.9
Surgana,Pulses,2024,221.9,221.9
Surgana,Oil seeds,2024,221.9,221.9
Surgana,Ric e,2023,123.9,123.9
Surgana,Wheat,2023,123.9,123.9
Surgana,Jawar,2023,123.9,123.9
Surgana,Bajra,2023,123.9,123.9
Surgana,Maize,2023,123.9,123.9
Surgana,Sugarcane,2023,123.9,123.9
Surgana,Grapes,2023,123.9,123.9
Surgana,Vegetables,2023,123.9,123.9
Surgana,Pulses,2023,123.9,123.9
Surgana,Oil seeds,2023,123.9,123.9
Surgana,Ric e,2022,203.8,203.8
Surgana,Wheat,2022,203.8,203.8
Surgana,Jawar,2022,203.8,203.8
Surgana,Bajra,2022,203.8,203.8
Surgana,Maize,2022,203.8,203.8
Surgana,Sugarcane,2022,203.8,203.8
Surgana,Grapes,2022,203.8,203.8
Surgana,Vegetables,2022,203.8,203.8
Surgana,Pulses,2022,203.8,203.8
Surgana,Oil seeds,2022,203.8,203.8
Surgana,Ric e,2021,123.8,123.8
Surgana,Wheat,2021,123.8,123.8
Surgana,Jawar,2021,123.8,123.8
Surgana,Bajra,2021,123.8,123.8
Surgana,Maize,2021,123.8,123.8
Surgana,Sugarcane,2021,123.8,123.8
Surgana,Grapes,2021,123.8,123.8
Surgana,Vegetables,2021,123.8,123.8
Surgana,Pulses,2021,123.8,123.8
Surgana,Oil seeds,2021,123.8,123.8
Surgana,Ric e,2020,145.8,145.8
Surgana,Wheat,2020,145.8,145.8
Surgana,Jawar,2020,145.8,145.8
Surgana,Bajra,2020,145.8,145.8
Surgana,Maize,2020,145.8,145.8
Surgana,Sugarcane,2020,145.8,145.8
Surgana,Grapes,2020,145.8,145.8
Surgana,Vegetables,2020,145.8,145.8
Surgana,Pulses,2020,145.8,145.8
Surgana,Oil seeds,2020,145.8,145.8
Surgana,Ric e,2019,206.9,206.9
Surgana,Wheat,2019,206.9,206.9
Surgana,Jawar,2019,206.9,206.9
Surgana,Bajra,2019,206.9,206.9
Surgana,Maize,2019,206.9,206.9
Surgana,Sugarcane,2019,206.9,206.9
Surgana,Grapes,2019,206.9,206.9
Surgana,Vegetables,2019,206.9,206.9
Surgana,Pulses,2019,206.9,206.9
Surgana,Oil seeds,2019,206.9,206.9
Surgana,Ric e,2018,342.8,342.8
Surgana,Wheat,2018,342.8,342.8
Surgana,Jawar,2018,342.8,342.8
Surgana,Bajra,2018,342.8,342.8
Surgana,Maize,2018,342.8,342.8
Surgana,Sugarcane,2018,342.8,342.8
Surgana,Grapes,2018,342.8,342.8
Surgana,Vegetables,2018,342.8,342.8
Surgana,Pulses,2018,342.8,342.8
Surgana,Oil seeds,2018,342.8,342.8
Surgana,Ric e,2017,123.7,123.7
Surgana,Wheat,2017,123.7,123.7
Surgana,Jawar,2017,123.7,123.7
Surgana,Bajra,2017,123.7,123.7
Surgana,Maize,2017,123.7,123.7
Surgana,Sugarcane,2017,123.7,123.7
Surgana,Grapes,2017,123.7,123.7
Surgana,Vegetables,2017,123.7,123.7
Surgana,Pulses,2017,123.7,123.7
Surgana,Oil seeds,2017,123.7,123.7
Surgana,Ric e,2016,132.8,132.8
Surgana,Wheat,2016,132.8,132.8
Surgana,Jawar,2016,132.8,132.8
Surgana,Bajra,2016,132.8,132.8
Surgana,Maize,2016,132.8,132.8
Surgana,Sugarcane,2016,132.8,132.8
Surgana,Grapes,2016,132.8,132.8
Surgana,Vegetables,2016,132.8,132.8
Surgana,Pulses,2016,132.8,132.8
Surgana,Oil seeds,2016,132.8,132.8
Surgana,Ric e,2015,123.8,123.8
Surgana,Wheat,2015,123.8,123.8
Surgana,Jawar,2015,123.8,123.8
Surgana,Bajra,2015,123.8,123.8
Surgana,Maize,2015,123.8,123.8
Surgana,Sugarcane,2015,123.8,123.8
Surgana,Grapes,2015,123.8,123.8
Surgana,Vegetables,2015,123.8,123.8
Surgana,Pulses,2015,123.8,123.8
Surgana,Oil seeds,2015,123.8,123.8
Surgana,Ric e,2014,165.7,165.7
Surgana,Wheat,2014,165.7,165.7
Surgana,Jawar,2014,165.7,165.7
Surgana,Bajra,2014,165.7,165.7
Surgana,Maize,2014,165.7,165.7
Surgana,Sugarcane,2014,165.7,165.7
Surgana,Grapes,2014,165.7,165.7
Surgana,Vegetables,2014,165.7,165.7
Surgana,Pulses,2014,165.7,165.7
Surgana,Oil seeds,2014,165.7,165.7
Kalvan,Ric e,2024,412.8,412.8
Kalvan,Wheat,2024,412.8,412.8
Kalvan,Jawar,2024,412.8,412.8
Kalvan,Bajra,2024,412.8,412.8
Kalvan,Maize,2024,412.8,412.8
Kalvan,Sugarcane,2024,412.8,412.8
Kalvan,Grapes,2024,412.8,412.8
Kalvan,Vegetables,2024,412.8,412.8
Kalvan,Pulses,2024,412.8,412.8
Kalvan,Oil seeds,2024,412.8,412.8
Kalvan,Ric e,2023,412.8,412.8
Kalvan,Wheat,2023,412.8,412.8
Kalvan,Jawar,2023,412.8,412.8
Kalvan,Bajra,2023,412.8,412.8
Kalvan,Maize,2023,412.8,412.8
Kalvan,Sugarcane,2023,412.8,412.8
Kalvan,Grapes,2023,412.8,412.8
Kalvan,Vegetables,2023,412.8,412.8
Kalvan,Pulses,2023,412.8,412.8
Kalvan,Oil seeds,2023,412.8,412.8
Kalvan,Ric e,2022,206.9,206.9
Kalvan,Wheat,2022,206.9,206.9
Kalvan,Jawar,2022,206.9,206.9
Kalvan,Bajra,2022,206.9,206.9
Kalvan,Maize,2022,206.9,206.9
Kalvan,Sugarcane,2022,206.9,206.9
Kalvan,Grapes,2022,206.9,206.9
Kalvan,Vegetables,2022,206.9,206.9
Kalvan,Pulses,2022,206.9,206.9
Kalvan,Oil seeds,2022,206.9,206.9
Kalvan,Ric e,2021,235.8,235.8
Kalvan,Wheat,2021,235.8,235.8
Kalvan,Jawar,2021,235.8,235.8
Kalvan,Bajra,2021,235.8,235.8
Kalvan,Maize,2021,235.8,235.8
Kalvan,Sugarcane,2021,235.8,235.8
Kalvan,Grapes,2021,235.8,235.8
Kalvan,Vegetables,2021,235.8,235.8
Kalvan,Pulses,2021,235.8,235.8
Kalvan,Oil seeds,2021,235.8,235.8
Kalvan,Ric e,2020,211.5,211.5
Kalvan,Wheat,2020,211.5,211.5
Kalvan,Jawar,2020,211.5,211.5
Kalvan,Bajra,2020,211.5,211.5
Kalvan,Maize,2020,211.5,211.5
Kalvan,Sugarcane,2020,211.5,211.5
Kalvan,Grapes,2020,211.5,211.5
Kalvan,Vegetables,2020,211.5,211.5
Kalvan,Pulses,2020,211.5,211.5
Kalvan,Oil seeds,2020,211.5,211.5
Kalvan,Ric e,2019,321.6,321.6
Kalvan,Wheat,2019,321.6,321.6
Kalvan,Jawar,2019,321.6,321.6
Kalvan,Bajra,2019,321.6,321.6
Kalvan,Maize,2019,321.6,321.6
Kalvan,Sugarcane,2019,321.6,321.6
Kalvan,Grapes,2019,321.6,321.6
Kalvan,Vegetables,2019,321.6,321.6
Kalvan,Pulses,2019,321.6,321.6
Kalvan,Oil seeds,2019,321.6,321.6
Kalvan,Ric e,2018,321.4,321.4
Kalvan,Wheat,2018,321.4,321.4
Kalvan,Jawar,2018,321.4,321.4
Kalvan,Bajra,2018,321.4,321.4
Kalvan,Maize,2018,321.4,321.4
Kalvan,Sugarcane,2018,321.4,321.4
Kalvan,Grapes,2018,321.4,321.4
Kalvan,Vegetables,2018,321.4,321.4
Kalvan,Pulses,2018,321.4,321.4
Kalvan,Oil seeds,2018,321.4,321.4
Kalvan,Ric e,2017,126.7,126.7
Kalvan,Wheat,2017,126.7,126.7
Kalvan,Jawar,2017,126.7,126.7
Kalvan,Bajra,2017,126.7,126.7
Kalvan,Maize,2017,126.7,126.7
Kalvan,Sugarcane,2017,126.7,126.7
Kalvan,Grapes,2017,126.7,126.7
Kalvan,Vegetables,2017,126.7,126.7
Kalvan,Pulses,2017,126.7,126.7
Kalvan,Oil seeds,2017,126.7,126.7
Kalvan,Ric e,2016,215.5,215.5
Kalvan,Wheat,2016,215.5,215.5
Kalvan,Jawar,2016,215.5,215.5
Kalvan,Bajra,2016,215.5,215.5
Kalvan,Maize,2016,215.5,215.5
Kalvan,Sugarcane,2016,215.5,215.5
Kalvan,Grapes,2016,215.5,215.5
Kalvan,Vegetables,2016,215.5,215.5
Kalvan,Pulses,2016,215.5,215.5
Kalvan,Oil seeds,2016,215.5,215.5
Kalvan,Ric e,2015,308.5,308.5
Kalvan,Wheat,2015,308.5,308.5
Kalvan,Jawar,2015,308.5,308.5
Kalvan,Bajra,2015,308.5,308.5
Kalvan,Maize,2015,308.5,308.5
Kalvan,Sugarcane,2015,308.5,308.5
Kalvan,Grapes,2015,308.5,308.5
Kalvan,Vegetables,2015,308.5,308.5
Kalvan,Pulses,2015,308.5,308.5
Kalvan,Oil seeds,2015,308.5,308.5
Kalvan,Ric e,2014,132.4,132.4
Kalvan,Wheat,2014,132.4,132.4
Kalvan,Jawar,2014,132.4,132.4
Kalvan,Bajra,2014,132.4,132.4
Kalvan,Maize,2014,132.4,132.4
Kalvan,Sugarcane,2014,132.4,132.4
Kalvan,Grapes,2014,132.4,132.4
Kalvan,Vegetables,2014,132.4,132.4
Kalvan,Pulses,2014,132.4,132.4
Kalvan,Oil seeds,2014,132.4,132.4
Nashik,Ric e,2024,121.5,121.5
Nashik,Wheat,2024,121.5,121.5
Nashik,Jawar,2024,121.5,121.5
Nashik,Bajra,2024,121.5,121.5
Nashik,Maize,2024,121.5,121.5
Nashik,Sugarcane,2024,121.5,121.5
Nashik,Grapes,2024,121.5,121.5
Nashik,Vegetables,2024,121.5,121.5
Nashik,Pulses,2024,121.5,121.5
Nashik,Oil seeds,2024,121.5,121.5
Nashik,Ric e,2023,123.9,123.9
Nashik,Wheat,2023,123.9,123.9
Nashik,Jawar,2023,123.9,123.9
Nashik,Bajra,2023,123.9,123.9
Nashik,Maize,2023,123.9,123.9
Nashik,Sugarcane,2023,123.9,123.9
Nashik,Grapes,2023,123.9,123.9
Nashik,Vegetables,2023,123.9,123.9
Nashik,Pulses,2023,123.9,123.9
Nashik,Oil seeds,2023,123.9,123.9
Nashik,Ric e,2022,245.7,245.7
Nashik,Wheat,2022,245.7,245.7
Nashik,Jawar,2022,245.7,245.7
Nashik,Bajra,2022,245.7,245.7
Nashik,Maize,2022,245.7,245.7
Nashik,Sugarcane,2022,245.7,245.7
Nashik,Grapes,2022,245.7,245.7
Nashik,Vegetables,2022,245.7,245.7
Nashik,Pulses,2022,245.7,245.7
Nashik,Oil seeds,2022,245.7,245.7
Nashik,Ric e,2021,211.7,211.7
Nashik,Wheat,2021,211.7,211.7
Nashik,Jawar,2021,211.7,211.7
Nashik,Bajra,2021,211.7,211.7
Nashik,Maize,2021,211.7,211.7
Nashik,Sugarcane,2021,211.7,211.7
Nashik,Grapes,2021,211.7,211.7
Nashik,Vegetables,2021,211.7,211.7
Nashik,Pulses,2021,211.7,211.7
Nashik,Oil seeds,2021,211.7,211.7
Nashik,Ric e,2020,213.6,213.6
Nashik,Wheat,2020,213.6,213.6
Nashik,Jawar,2020,213.6,213.6
Nashik,Bajra,2020,213.6,213.6
Nashik,Maize,2020,213.6,213.6
Nashik,Sugarcane,2020,213.6,213.6
Nashik,Grapes,2020,213.6,213.6
Nashik,Vegetables,2020,213.6,213.6
Nashik,Pulses,2020,213.6,213.6
Nashik,Oil seeds,2020,213.6,213.6
Nashik,Ric e,2019,254.5,254.5
Nashik,Wheat,2019,254.5,254.5
Nashik,Jawar,2019,254.5,254.5
Nashik,Bajra,2019,254.5,254.5
Nashik,Maize,2019,254.5,254.5
Nashik,Sugarcane,2019,254.5,254.5
Nashik,Grapes,2019,254.5,254.5
Nashik,Vegetables,2019,254.5,254.5
Nashik,Pulses,2019,254.5,254.5
Nashik,Oil seeds,2019,254.5,254.5
Nashik,Ric e,2018,222.7,222.7
Nashik,Wheat,2018,222.7,222.7
Nashik,Jawar,2018,222.7,222.7
Nashik,Bajra,2018,222.7,222.7
Nashik,Maize,2018,222.7,222.7
Nashik,Sugarcane,2018,222.7,222.7
Nashik,Grapes,2018,222.7,222.7
Nashik,Vegetables,2018,222.7,222.7
Nashik,Pulses,2018,222.7,222.7
Nashik,Oil seeds,2018,222.7,222.7
Nashik,Ric e,2017,345.1,345.1
Nashik,Wheat,2017,345.1,345.1
Nashik,Jawar,2017,345.1,345.1
Nashik,Bajra,2017,345.1,345.1
Nashik,Maize,2017,345.1,345.1
Nashik,Sugarcane,2017,345.1,345.1
Nashik,Grapes,2017,345.1,345.1
Nashik,Vegetables,2017,345.1,345.1
Nashik,Pulses,2017,345.1,345.1
Nashik,Oil seeds,2017,345.1,345.1
Nashik,Ric e,2016,231.7,231.7
Nashik,Wheat,2016,231.7,231.7
Nashik,Jawar,2016,231.7,231.7
Nashik,Bajra,2016,231.7,231.7
Nashik,Maize,2016,231.7,231.7
Nashik,Sugarcane,2016,231.7,231.7
Nashik,Grapes,2016,231.7,231.7
Nashik,Vegetables,2016,231.7,231.7
Nashik,Pulses,2016,231.7,231.7
Nashik,Oil seeds,2016,231.7,231.7
Nashik,Ric e,2015,277.1,277.1
Nashik,Wheat,2015,277.1,277.1
Nashik,Jawar,2015,277.1,277.1
Nashik,Bajra,2015,277.1,277.1
Nashik,Maize,2015,277.1,277.1
Nashik,Sugarcane,2015,277.1,277.1
Nashik,Grapes,2015,277.1,277.1
Nashik,Vegetables,2015,277.1,277.1
Nashik,Pulses,2015,277.1,277.1
Nashik,Oil seeds,2015,277.1,277.1
Nashik,Ric e,2014,213.9,213.9
Nashik,Wheat,2014,213.9,213.9
Nashik,Jawar,2014,213.9,213.9
Nashik,Bajra,2014,213.9,213.9
Nashik,Maize,2014,213.9,213.9
Nashik,Sugarcane,2014,213.9,213.9
Nashik,Grapes,2014,213.9,213.9
Nashik,Vegetables,2014,213.9,213.9
Nashik,Pulses,2014,213.9,213.9
Nashik,Oil seeds,2014,213.9,213.9
Trimbak,Ric e,2024,324.1,324.1
Trimbak,Wheat,2024,324.1,324.1
Trimbak,Jawar,2024,324.1,324.1
Trimbak,Bajra,2024,324.1,324.1
Trimbak,Maize,2024,324.1,324.1
Trimbak,Sugarcane,2024,324.1,324.1
Trimbak,Grapes,2024,324.1,324.1
Trimbak,Vegetables,2024,324.1,324.1
Trimbak,Pulses,2024,324.1,324.1
Trimbak,Oil seeds,2024,324.1,324.1
Trimbak,Ric e,2023,267.1,267.1
Trimbak,Wheat,2023,267.1,267.1
Trimbak,Jawar,2023,267.1,267.1
Trimbak,Bajra,2023,267.1,267.1
Trimbak,Maize,2023,267.1,267.1
Trimbak,Sugarcane,2023,267.1,267.1
Trimbak,Grapes,2023,267.1,267.1
Trimbak,Vegetables,2023,267.1,267.1
Trimbak,Pulses,2023,267.1,267.1
Trimbak,Oil seeds,2023,267.1,267.1
Trimbak,Ric e,2022,213.9,213.9
Trimbak,Wheat,2022,213.9,213.9
Trimbak,Jawar,2022,213.9,213.9
Trimbak,Bajra,2022,213.9,213.9
Trimbak,Maize,2022,213.9,213.9
Trimbak,Sugarcane,2022,213.9,213.9
Trimbak,Grapes,2022,213.9,213.9
Trimbak,Vegetables,2022,213.9,213.9
Trimbak,Pulses,2022,213.9,213.9
Trimbak,Oil seeds,2022,213.9,213.9
Trimbak,Ric e,2021,321.8,321.8
Trimbak,Wheat,2021,321.8,321.8
Trimbak,Jawar,2021,321.8,321.8
Trimbak,Bajra,2021,321.8,321.8
Trimbak,Maize,2021,321.8,321.8
Trimbak,Sugarcane,2021,321.8,321.8
Trimbak,Grapes,2021,321.8,321.8
Trimbak,Vegetables,2021,321.8,321.8
Trimbak,Pulses,2021,321.8,321.8
Trimbak,Oil seeds,2021,321.8,321.8
Trimbak,Ric e,2020,212.2,212.2
Trimbak,Wheat,2020,212.2,212.2
Trimbak,Jawar,2020,212.2,212.2
Trimbak,Bajra,2020,212.2,212.2
Trimbak,Maize,2020,212.2,212.2
Trimbak,Sugarcane,2020,212.2,212.2
Trimbak,Grapes,2020,212.2,212.2
Trimbak,Vegetables,2020,212.2,212.2
Trimbak,Pulses,2020,212.2,212.2
Trimbak,Oil seeds,2020,212.2,212.2
Trimbak,Ric e,2019,212.7,212.7
Trimbak,Wheat,2019,212.7,212.7
Trimbak,Jawar,2019,212.7,212.7
Trimbak,Bajra,2019,212.7,212.7
Trimbak,Maize,2019,212.7,212.7
Trimbak,Sugarcane,2019,212.7,212.7
Trimbak,Grapes,2019,212.7,212.7
Trimbak,Vegetables,2019,212.7,212.7
Trimbak,Pulses,2019,212.7,212.7
Trimbak,Oil seeds,2019,212.7,212.7
Trimbak,Ric e,2018,132,132
Trimbak,Wheat,2018,132,132
Trimbak,Jawar,2018,132,132
Trimbak,Bajra,2018,132,132
Trimbak,Maize,2018,132,132
Trimbak,Sugarcane,2018,132,132
Trimbak,Grapes,2018,132,132
Trimbak,Vegetables,2018,132,132
Trimbak,Pulses,2018,132,132
Trimbak,Oil seeds,2018,132,132
Trimbak,Ric e,2017,212.9,212.9
Trimbak,Wheat,2017,212.9,212.9
Trimbak,Jawar,2017,212.9,212.9
Trimbak,Bajra,2017,212.9,212.9
Trimbak,Maize,2017,212.9,212.9
Trimbak,Sugarcane,2017,212.9,212.9
Trimbak,Grapes,2017,212.9,212.9
Trimbak,Vegetables,2017,212.9,212.9
Trimbak,Pulses,2017,212.9,212.9
Trimbak,Oil seeds,2017,212.9,212.9
Trimbak,Ric e,2016,212.8,212.8
Trimbak,Wheat,2016,212.8,212.8
Trimbak,Jawar,2016,212.8,212.8
Trimbak,Bajra,2016,212.8,212.8
Trimbak,Maize,2016,212.8,212.8
Trimbak,Sugarcane,2016,212.8,212.8
Trimbak,Grapes,2016,212.8,212.8
Trimbak,Vegetables,2016,212.8,212.8
Trimbak,Pulses,2016,212.8,212.8
Trimbak,Oil seeds,2016,212.8,212.8
Trimbak,Ric e,2015,254.8,254.8
Trimbak,Wheat,2015,254.8,254.8
Trimbak,Jawar,2015,254.8,254.8
Trimbak,Bajra,2015,254.8,254.8
Trimbak,Maize,2015,254.8,254.8
Trimbak,Sugarcane,2015,254.8,254.8
Trimbak,Grapes,2015,254.8,254.8
Trimbak,Vegetables,2015,254.8,254.8
Trimbak,Pulses,2015,254.8,254.8
Trimbak,Oil seeds,2015,254.8,254.8
Trimbak,Ric e,2014,213.9,213.9
Trimbak,Wheat,2014,213.9,213.9
Trimbak,Jawar,2014,213.9,213.9
Trimbak,Bajra,2014,213.9,213.9
Trimbak,Maize,2014,213.9,213.9
Trimbak,Sugarcane,2014,213.9,213.9
Trimbak,Grapes,2014,213.9,213.9
Trimbak,Vegetables,2014,213.9,213.9
Trimbak,Pulses,2014,213.9,213.9
Trimbak,Oil seeds,2014,213.9,213.9
Peint,Ric e,2024,321,321
Peint,Wheat,2024,321,321
Peint,Jawar,2024,321,321
Peint,Bajra,2024,321,321
Peint,Maize,2024,321,321
Peint,Sugarcane,2024,321,321
Peint,Grapes,2024,321,321
Peint,Vegetables,2024,321,321
Peint,Pulses,2024,321,321
Peint,Oil seeds,2024,321,321
Peint,Ric e,2023,786,786
Peint,Wheat,2023,786,786
Peint,Jawar,2023,786,786
Peint,Bajra,2023,786,786
Peint,Maize,2023,786,786
Peint,Sugarcane,2023,786,786
Peint,Grapes,2023,786,786
Peint,Vegetables,2023,786,786
Peint,Pulses,2023,786,786
Peint,Oil seeds,2023,786,786
Peint,Ric e,2022,212,212
Peint,Wheat,2022,212,212
Peint,Jawar,2022,212,212
Peint,Bajra,2022,212,212
Peint,Maize,2022,212,212
Peint,Sugarcane,2022,212,212
Peint,Grapes,2022,212,212
Peint,Vegetables,2022,212,212
Peint,Pulses,2022,212,212
Peint,Oil seeds,2022,212,212
Peint,Ric e,2021,122.6,122.6
Peint,Wheat,2021,122.6,122.6
Peint,Jawar,2021,122.6,122.6
Peint,Bajra,2021,122.6,122.6
Peint,Maize,2021,122.6,122.6
Peint,Sugarcane,2021,122.6,122.6
Peint,Grapes,2021,122.6,122.6
Peint,Vegetables,2021,122.6,122.6
Peint,Pulses,2021,122.6,122.6
Peint,Oil seeds,2021,122.6,122.6
Peint,Ric e,2020,323.78,323.78
Peint,Wheat,2020,323.78,323.78
Peint,Jawar,2020,323.78,323.78
Peint,Bajra,2020,323.78,323.78
Peint,Maize,2020,323.78,323.78
Peint,Sugarcane,2020,323.78,323.78
Peint,Grapes,2020,323.78,323.78
Peint,Vegetables,2020,323.78,323.78
Peint,Pulses,2020,323.78,323.78
Peint,Oil seeds,2020,323.78,323.78
Peint,Ric e,2019,653.7,653.7
Peint,Wheat,2019,653.7,653.7
Peint,Jawar,2019,653.7,653.7
Peint,Bajra,2019,653.7,653.7
Peint,Maize,2019,653.7,653.7
Peint,Sugarcane,2019,653.7,653.7
Peint,Grapes,2019,653.7,653.7
Peint,Vegetables,2019,653.7,653.7
Peint,Pulses,2019,653.7,653.7
Peint,Oil seeds,2019,653.7,653.7
Peint,Ric e,2018,224.7,224.7
Peint,Wheat,2018,224.7,224.7
Peint,Jawar,2018,224.7,224.7
Peint,Bajra,2018,224.7,224.7
Peint,Maize,2018,224.7,224.7
Peint,Sugarcane,2018,224.7,224.7
Peint,Grapes,2018,224.7,224.7
Peint,Vegetables,2018,224.7,224.7
Peint,Pulses,2018,224.7,224.7
Peint,Oil seeds,2018,224.7,224.7
Peint,Ric e,2017,12.98,12.98
Peint,Wheat,2017,12.98,12.98
Peint,Jawar,2017,12.98,12.98
Peint,Bajra,2017,12.98,12.98
Peint,Maize,2017,12.98,12.98
Peint,Sugarcane,2017,12.98,12.98
Peint,Grapes,2017,12.98,12.98
Peint,Vegetables,2017,12.98,12.98
Peint,Pulses,2017,12.98,12.98
Peint,Oil seeds,2017,12.98,12.98
Peint,Ric e,2016,33,33
Peint,Wheat,2016,33,33
Peint,Jawar,2016,33,33
Peint,Bajra,2016,33,33
Peint,Maize,2016,33,33
Peint,Sugarcane,2016,33,33
Peint,Grapes,2016,33,33
Peint,Vegetables,2016,33,33
Peint,Pulses,2016,33,33
Peint,Oil seeds,2016,33,33
Peint,Ric e,2015,76,76
Peint,Wheat,2015,76,76
Peint,Jawar,2015,76,76
Peint,Bajra,2015,76,76
Peint,Maize,2015,76,76
Peint,Sugarcane,2015,76,76
Peint,Grapes,2015,76,76
Peint,Vegetables,2015,76,76
Peint,Pulses,2015,76,76
Peint,Oil seeds,2015,76,76
Peint,Ric e,2014,98,98
Peint,Wheat,2014,98,98
Peint,Jawar,2014,98,98
Peint,Bajra,2014,98,98
Peint,Maize,2014,98,98
Peint,Sugarcane,2014,98,98
Peint,Grapes,2014,98,98
Peint,Vegetables,2014,98,98
Peint,Pulses,2014,98,98
Peint,Oil seeds,2014,98,98
Igatpuri,Ric e,2024,67.23,67.23
Igatpuri,Wheat,2024,67.23,67.23
Igatpuri,Jawar,2024,67.23,67.23
Igatpuri,Bajra,2024,67.23,67.23
Igatpuri,Maize,2024,67.23,67.23
Igatpuri,Sugarcane,2024,67.23,67.23
Igatpuri,Grapes,2024,67.23,67.23
Igatpuri,Vegetables,2024,67.23,67.23
Igatpuri,Pulses,2024,67.23,67.23
Igatpuri,Oil seeds,2024,67.23,67.23
Igatpuri,Ric e,2023,32.34,32.34
Igatpuri,Wheat,2023,32.34,32.34
Igatpuri,Jawar,2023,32.34,32.34
Igatpuri,Bajra,2023,32.34,32.34
Igatpuri,Maize,2023,32.34,32.34
Igatpuri,Sugarcane,2023,32.34,32.34
Igatpuri,Grapes,2023,32.34,32.34
Igatpuri,Vegetables,2023,32.34,32.34
Igatpuri,Pulses,2023,32.34,32.34
Igatpuri,Oil seeds,2023,32.34,32.34
Igatpuri,Ric e,2022,23.45,23.45
Igatpuri,Wheat,2022,23.45,23.45
Igatpuri,Jawar,2022,23.45,23.45
Igatpuri,Bajra,2022,23.45,23.45
Igatpuri,Maize,2022,23.45,23.45
Igatpuri,Sugarcane,2022,23.45,23.45
Igatpuri,Grapes,2022,23.45,23.45
Igatpuri,Vegetables,2022,23.45,23.45
Igatpuri,Pulses,2022,23.45,23.45
Igatpuri,Oil seeds,2022,23.45,23.45
Igatpuri,Ric e,2021,21.21,21.21
Igatpuri,Wheat,2021,21.21,21.21
Igatpuri,Jawar,2021,21.21,21.21
Igatpuri,Bajra,2021,21.21,21.21
Igatpuri,Maize,2021,21.21,21.21
Igatpuri,Sugarcane,2021,21.21,21.21
Igatpuri,Grapes,2021,21.21,21.21
Igatpuri,Vegetables,2021,21.21,21.21
Igatpuri,Pulses,2021,21.21,21.21
Igatpuri,Oil seeds,2021,21.21,21.21
Igatpuri,Ric e,2020,23.21,23.21
Igatpuri,Wheat,2020,23.21,23.21
Igatpuri,Jawar,2020,23.21,23.21
Igatpuri,Bajra,2020,23.21,23.21
Igatpuri,Maize,2020,23.21,23.21
Igatpuri,Sugarcane,2020,23.21,23.21
Igatpuri,Grapes,2020,23.21,23.21
Igatpuri,Vegetables,2020,23.21,23.21
Igatpuri,Pulses,2020,23.21,23.21
Igatpuri,Oil seeds,2020,23.21,23.21
Igatpuri,Ric e,2019,21.56,21.56
Igatpuri,Wheat,2019,21.56,21.56
Igatpuri,Jawar,2019,21.56,21.56
Igatpuri,Bajra,2019,21.56,21.56
Igatpuri,Maize,2019,21.56,21.56
Igatpuri,Sugarcane,2019,21.56,21.56
Igatpuri,Grapes,2019,21.56,21.56
Igatpuri,Vegetables,2019,21.56,21.56
Igatpuri,Pulses,2019,21.56,21.56
Igatpuri,Oil seeds,2019,21.56,21.56
Igatpuri,Ric e,2018,44.5,44.5
Igatpuri,Wheat,2018,44.5,44.5
Igatpuri,Jawar,2018,44.5,44.5
Igatpuri,Bajra,2018,44.5,44.5
Igatpuri,Maize,2018,44.5,44.5
Igatpuri,Sugarcane,2018,44.5,44.5
Igatpuri,Grapes,2018,44.5,44.5
Igatpuri,Vegetables,2018,44.5,44.5
Igatpuri,Pulses,2018,44.5,44.5
Igatpuri,Oil seeds,2018,44.5,44.5
Igatpuri,Ric e,2017,23.12,23.12
Igatpuri,Wheat,2017,23.12,23.12
Igatpuri,Jawar,2017,23.12,23.12
Igatpuri,Bajra,2017,23.12,23.12
Igatpuri,Maize,2017,23.12,23.12
Igatpuri,Sugarcane,2017,23.12,23.12
Igatpuri,Grapes,2017,23.12,23.12
Igatpuri,Vegetables,2017,23.12,23.12
Igatpuri,Pulses,2017,23.12,23.12
Igatpuri,Oil seeds,2017,23.12,23.12
Igatpuri,Ric e,2016,32.76,32.76
Igatpuri,Wheat,2016,32.76,32.76
Igatpuri,Jawar,2016,32.76,32.76
Igatpuri,Bajra,2016,32.76,32.76
Igatpuri,Maize,2016,32.76,32.76
Igatpuri,Sugarcane,2016,32.76,32.76
Igatpuri,Grapes,2016,32.76,32.76
Igatpuri,Vegetables,2016,32.76,32.76
Igatpuri,Pulses,2016,32.76,32.76
Igatpuri,Oil seeds,2016,32.76,32.76
Igatpuri,Ric e,2015,56.87,56.87
Igatpuri,Wheat,2015,56.87,56.87
Igatpuri,Jawar,2015,56.87,56.87
Igatpuri,Bajra,2015,56.87,56.87
Igatpuri,Maize,2015,56.87,56.87
Igatpuri,Sugarcane,2015,56.87,56.87
Igatpuri,Grapes,2015,56.87,56.87
Igatpuri,Vegetables,2015,56.87,56.87
Igatpuri,Pulses,2015,56.87,56.87
Igatpuri,Oil seeds,2015,56.87,56.87
Igatpuri,Ric e,2014,54.7,54.7
Igatpuri,Wheat,2014,54.7,54.7
Igatpuri,Jawar,2014,54.7,54.7
Igatpuri,Bajra,2014,54.7,54.7
Igatpuri,Maize,2014,54.7,54.7
Igatpuri,Sugarcane,2014,54.7,54.7
Igatpuri,Grapes,2014,54.7,54.7
Igatpuri,Vegetables,2014,54.7,54.7
Igatpuri,Pulses,2014,54.7,54.7
Igatpuri,Oil seeds,2014,54.7,54.7
Niphad,Ric e,2024,55,55
Niphad,Wheat,2024,55,55
Niphad,Jawar,2024,55,55
Niphad,Bajra,2024,55,55
Niphad,Maize,2024,55,55
Niphad,Sugarcane,2024,55,55
Niphad,Grapes,2024,55,55
Niphad,Vegetables,2024,55,55
Niphad,Pulses,2024,55,55
Niphad,Oil seeds,2024,55,55
Niphad,Ric e,2023,23.9,23.9
Niphad,Wheat,2023,23.9,23.9
Niphad,Jawar,2023,23.9,23.9
Niphad,Bajra,2023,23.9,23.9
Niphad,Maize,2023,23.9,23.9
Niphad,Sugarcane,2023,23.9,23.9
Niphad,Grapes,2023,23.9,23.9
Niphad,Vegetables,2023,23.9,23.9
Niphad,Pulses,2023,23.9,23.9
Niphad,Oil seeds,2023,23.9,23.9
Niphad,Ric e,2022,121.8,121.8
Niphad,Wheat,2022,121.8,121.8
Niphad,Jawar,2022,121.8,121.8
Niphad,Bajra,2022,121.8,121.8
Niphad,Maize,2022,121.8,121.8
Niphad,Sugarcane,2022,121.8,121.8
Niphad,Grapes,2022,121.8,121.8
Niphad,Vegetables,2022,121.8,121.8
Niphad,Pulses,2022,121.8,121.8
Niphad,Oil seeds,2022,121.8,121.8
Niphad,Ric e,2021,324.8,324.8
Niphad,Wheat,2021,324.8,324.8
Niphad,Jawar,2021,324.8,324.8
Niphad,Bajra,2021,324.8,324.8
Niphad,Maize,2021,324.8,324.8
Niphad,Sugarcane,2021,324.8,324.8
Niphad,Grapes,2021,324.8,324.8
Niphad,Vegetables,2021,324.8,324.8
Niphad,Pulses,2021,324.8,324.8
Niphad,Oil seeds,2021,324.8,324.8
Niphad,Ric e,2020,67.9,67.9
Niphad,Wheat,2020,67.9,67.9
Niphad,Jawar,2020,67.9,67.9
Niphad,Bajra,2020,67.9,67.9
Niphad,Maize,2020,67.9,67.9
Niphad,Sugarcane,2020,67.9,67.9
Niphad,Grapes,2020,67.9,67.9
Niphad,Vegetables,2020,67.9,67.9
Niphad,Pulses,2020,67.9,67.9
Niphad,Oil seeds,2020,67.9,67.9
Niphad,Ric e,2019,65.9,65.9
Niphad,Wheat,2019,65.9,65.9
Niphad,Jawar,2019,65.9,65.9
Niphad,Bajra,2019,65.9,65.9
Niphad,Maize,2019,65.9,65.9
Niphad,Sugarcane,2019,65.9,65.9
Niphad,Grapes,2019,65.9,65.9
Niphad,Vegetables,2019,65.9,65.9
Niphad,Pulses,2019,65.9,65.9
Niphad,Oil seeds,2019,65.9,65.9
Niphad,Ric e,2018,45,45
Niphad,Wheat,2018,45,45
Niphad,Jawar,2018,45,45
Niphad,Bajra,2018,45,45
Niphad,Maize,2018,45,45
Niphad,Sugarcane,2018,45,45
Niphad,Grapes,2018,45,45
Niphad,Vegetables,2018,45,45
Niphad,Pulses,2018,45,45
Niphad,Oil seeds,2018,45,45
Niphad,Ric e,2017,34,34
Niphad,Wheat,2017,34,34
Niphad,Jawar,2017,34,34
Niphad,Bajra,2017,34,34
Niphad,Maize,2017,34,34
Niphad,Sugarcane,2017,34,34
Niphad,Grapes,2017,34,34
Niphad,Vegetables,2017,34,34
Niphad,Pulses,2017,34,34
Niphad,Oil seeds,2017,34,34
Niphad,Ric e,2016,32,32
Niphad,Wheat,2016,32,32
Niphad,Jawar,2016,32,32
Niphad,Bajra,2016,32,32
Niphad,Maize,2016,32,32
Niphad,Sugarcane,2016,32,32
Niphad,Grapes,2016,32,32
Niphad,Vegetables,2016,32,32
Niphad,Pulses,2016,32,32
Niphad,Oil seeds,2016,32,32
Niphad,Ric e,2015,213,213
Niphad,Wheat,2015,213,213
Niphad,Jawar,2015,213,213
Niphad,Bajra,2015,213,213
Niphad,Maize,2015,213,213
Niphad,Sugarcane,2015,213,213
Niphad,Grapes,2015,213,213
Niphad,Vegetables,2015,213,213
Niphad,Pulses,2015,213,213
Niphad,Oil seeds,2015,213,213
Niphad,Ric e,2014,76.9,76.9
Niphad,Wheat,2014,76.9,76.9
Niphad,Jawar,2014,76.9,76.9
Niphad,Bajra,2014,76.9,76.9
Niphad,Maize,2014,76.9,76.9
Niphad,Sugarcane,2014,76.9,76.9
Niphad,Grapes,2014,76.9,76.9
Niphad,Vegetables,2014,76.9,76.9
Niphad,Pulses,2014,76.9,76.9
Niphad,Oil seeds,2014,76.9,76.9
Sinnar,Ric e,2024,23.9,23.9
Sinnar,Wheat,2024,23.9,23.9
Sinnar,Jawar,2024,23.9,23.9
Sinnar,Bajra,2024,23.9,23.9
Sinnar,Maize,2024,23.9,23.9
Sinnar,Sugarcane,2024,23.9,23.9
Sinnar,Grapes,2024,23.9,23.9
Sinnar,Vegetables,2024,23.9,23.9
Sinnar,Pulses,2024,23.9,23.9
Sinnar,Oil seeds,2024,23.9,23.9
Sinnar,Ric e,2023,34,34
Sinnar,Wheat,2023,34,34
Sinnar,Jawar,2023,34,34
Sinnar,Bajra,2023,34,34
Sinnar,Maize,2023,34,34
Sinnar,Sugarcane,2023,34,34
Sinnar,Grapes,2023,34,34
Sinnar,Vegetables,2023,34,34
Sinnar,Pulses,2023,34,34
Sinnar,Oil seeds,2023,34,34
Sinnar,Ric e,2022,98,98
Sinnar,Wheat,2022,98,98
Sinnar,Jawar,2022,98,98
Sinnar,Bajra,2022,98,98
Sinnar,Maize,2022,98,98
Sinnar,Sugarcane,2022,98,98
Sinnar,Grapes,2022,98,98
Sinnar,Vegetables,2022,98,98
Sinnar,Pulses,2022,98,98
Sinnar,Oil seeds,2022,98,98
Sinnar,Ric e,2021,67,67
Sinnar,Wheat,2021,67,67
Sinnar,Jawar,2021,67,67
Sinnar,Bajra,2021,67,67
Sinnar,Maize,2021,67,67
Sinnar,Sugarcane,2021,67,67
Sinnar,Grapes,2021,67,67
Sinnar,Vegetables,2021,67,67
Sinnar,Pulses,2021,67,67
Sinnar,Oil seeds,2021,67,67
Sinnar,Ric e,2020,56,56
Sinnar,Wheat,2020,56,56
Sinnar,Jawar,2020,56,56
Sinnar,Bajra,2020,56,56
Sinnar,Maize,2020,56,56
Sinnar,Sugarcane,2020,56,56
Sinnar,Grapes,2020,56,56
Sinnar,Vegetables,2020,56,56
Sinnar,Pulses,2020,56,56
Sinnar,Oil seeds,2020,56,56
Sinnar,Ric e,2019,21,21
Sinnar,Wheat,2019,21,21
Sinnar,Jawar,2019,21,21
Sinnar,Bajra,2019,21,21
Sinnar,Maize,2019,21,21
Sinnar,Sugarcane,2019,21,21
Sinnar,Grapes,2019,21,21
Sinnar,Vegetables,2019,21,21
Sinnar,Pulses,2019,21,21
Sinnar,Oil seeds,2019,21,21
Sinnar,Ric e,2018,32,32
Sinnar,Wheat,2018,32,32
Sinnar,Jawar,2018,32,32
Sinnar,Bajra,2018,32,32
Sinnar,Maize,2018,32,32
Sinnar,Sugarcane,2018,32,32
Sinnar,Grapes,2018,32,32
Sinnar,Vegetables,2018,32,32
Sinnar,Pulses,2018,32,32
Sinnar,Oil seeds,2018,32,32
Sinnar,Ric e,2017,4532,4532
Sinnar,Wheat,2017,4532,4532
Sinnar,Jawar,2017,4532,4532
Sinnar,Bajra,2017,4532,4532
Sinnar,Maize,2017,4532,4532
Sinnar,Sugarcane,2017,4532,4532
Sinnar,Grapes,2017,4532,4532
Sinnar,Vegetables,2017,4532,4532
Sinnar,Pulses,2017,4532,4532
Sinnar,Oil seeds,2017,4532,4532
Sinnar,Ric e,2016,3214,3214
Sinnar,Wheat,2016,3214,3214
Sinnar,Jawar,2016,3214,3214
Sinnar,Bajra,2016,3214,3214
Sinnar,Maize,2016,3214,3214
Sinnar,Sugarcane,2016,3214,3214
Sinnar,Grapes,2016,3214,3214
Sinnar,Vegetables,2016,3214,3214
Sinnar,Pulses,2016,3214,3214
Sinnar,Oil seeds,2016,3214,3214
Sinnar,Ric e,2015,121,121
Sinnar,Wheat,2015,121,121
Sinnar,Jawar,2015,121,121
Sinnar,Bajra,2015,121,121
Sinnar,Maize,2015,121,121
Sinnar,Sugarcane,2015,121,121
Sinnar,Grapes,2015,121,121
Sinnar,Vegetables,2015,121,121
Sinnar,Pulses,2015,121,121
Sinnar,Oil seeds,2015,121,121
Sinnar,Ric e,2014,877,877
Sinnar,Wheat,2014,877,877
Sinnar,Jawar,2014,877,877
Sinnar,Bajra,2014,877,877
Sinnar,Maize,2014,877,877
Sinnar,Sugarcane,2014,877,877
Sinnar,Grapes,2014,877,877
Sinnar,Vegetables,2014,877,877
Sinnar,Pulses,2014,877,877
Sinnar,Oil seeds,2014,877,877
Chandwad,Ric e,2024,232,232
Chandwad,Wheat,2024,232,232
Chandwad,Jawar,2024,232,232
Chandwad,Bajra,2024,232,232
Chandwad,Maize,2024,232,232
Chandwad,Sugarcane,2024,232,232
Chandwad,Grapes,2024,232,232
Chandwad,Vegetables,2024,232,232
Chandwad,Pulses,2024,232,232
Chandwad,Oil seeds,2024,232,232
Chandwad,Ric e,2023,987,987
Chandwad,Wheat,2023,987,987
Chandwad,Jawar,2023,987,987
Chandwad,Bajra,2023,987,987
Chandwad,Maize,2023,987,987
Chandwad,Sugarcane,2023,987,987
Chandwad,Grapes,2023,987,987
Chandwad,Vegetables,2023,987,987
Chandwad,Pulses,2023,987,987
Chandwad,Oil seeds,2023,987,987
Chandwad,Ric e,2022,323,323
Chandwad,Wheat,2022,323,323
Chandwad,Jawar,2022,323,323
Chandwad,Bajra,2022,323,323
Chandwad,Maize,2022,323,323
Chandwad,Sugarcane,2022,323,323
Chandwad,Grapes,2022,323,323
Chandwad,Vegetables,2022,323,323
Chandwad,Pulses,2022,323,323
Chandwad,Oil seeds,2022,323,323
Chandwad,Ric e,2021,121,121
Chandwad,Wheat,2021,121,121
Chandwad,Jawar,2021,121,121
Chandwad,Bajra,2021,121,121
Chandwad,Maize,2021,121,121
Chandwad,Sugarcane,2021,121,121
Chandwad,Grapes,2021,121,121
Chandwad,Vegetables,2021,121,121
Chandwad,Pulses,2021,121,121
Chandwad,Oil seeds,2021,121,121
Chandwad,Ric e,2020,989,989
Chandwad,Wheat,2020,989,989
Chandwad,Jawar,2020,989,989
Chandwad,Bajra,2020,989,989
Chandwad,Maize,2020,989,989
Chandwad,Sugarcane,2020,989,989
Chandwad,Grapes,2020,989,989
Chandwad,Vegetables,2020,989,989
Chandwad,Pulses,2020,989,989
Chandwad,Oil seeds,2020,989,989
Chandwad,Ric e,2019,228,228
Chandwad,Wheat,2019,221.9,221.9
Chandwad,Jawar,2019,221.9,221.9
Chandwad,Bajra,2019,221.9,221.9
Chandwad,Maize,2019,221.9,221.9
Chandwad,Sugarcane,2019,221.9,221.9
Chandwad,Grapes,2019,221.9,221.9
Chandwad,Vegetables,2019,221.9,221.9
Chandwad,Pulses,2019,221.9,221.9
Chandwad,Oil seeds,2019,221.9,221.9
Chandwad,Ric e,2018,123.9,123.9
Chandwad,Wheat,2018,123.9,123.9
Chandwad,Jawar,2018,123.9,123.9
Chandwad,Bajra,2018,123.9,123.9
Chandwad,Maize,2018,123.9,123.9
Chandwad,Sugarcane,2018,123.9,123.9
Chandwad,Grapes,2018,123.9,123.9
Chandwad,Vegetables,2018,123.9,123.9
Chandwad,Pulses,2018,123.9,123.9
Chandwad,Oil seeds,2018,123.9,123.9
Chandwad,Ric e,2017,203.8,203.8
Chandwad,Wheat,2017,203.8,203.8
Chandwad,Jawar,2017,203.8,203.8
Chandwad,Bajra,2017,203.8,203.8
Chandwad,Maize,2017,203.8,203.8
Chandwad,Sugarcane,2017,203.8,203.8
Chandwad,Grapes,2017,203.8,203.8
Chandwad,Vegetables,2017,203.8,203.8
Chandwad,Pulses,2017,203.8,203.8
Chandwad,Oil seeds,2017,203.8,203.8
Chandwad,Ric e,2016,123.8,123.8
Chandwad,Wheat,2016,123.8,123.8
Chandwad,Jawar,2016,123.8,123.8
Chandwad,Bajra,2016,123.8,123.8
Chandwad,Maize,2016,123.8,123.8
Chandwad,Sugarcane,2016,123.8,123.8
Chandwad,Grapes,2016,123.8,123.8
Chandwad,Vegetables,2016,123.8,123.8
Chandwad,Pulses,2016,123.8,123.8
Chandwad,Oil seeds,2016,123.8,123.8
Chandwad,Ric e,2015,145.8,145.8
Chandwad,Wheat,2015,145.8,145.8
Chandwad,Jawar,2015,145.8,145.8
Chandwad,Bajra,2015,145.8,145.8
Chandwad,Maize,2015,145.8,145.8
Chandwad,Sugarcane,2015,145.8,145.8
Chandwad,Grapes,2015,145.8,145.8
Chandwad,Vegetables,2015,145.8,145.8
Chandwad,Pulses,2015,145.8,145.8
Chandwad,Oil seeds,2015,145.8,145.8
Chandwad,Ric e,2014,206.9,206.9
Chandwad,Wheat,2014,206.9,206.9
Chandwad,Jawar,2014,206.9,206.9
Chandwad,Bajra,2014,206.9,206.9
Chandwad,Maize,2014,206.9,206.9
Chandwad,Sugarcane,2014,206.9,206.9
Chandwad,Grapes,2014,206.9,206.9
Chandwad,Vegetables,2014,206.9,206.9
Chandwad,Pulses,2014,206.9,206.9
Chandwad,Oil seeds,2014,206.9,206.9
Yeola,Ric e,2024,342.8,342.8
Yeola,Wheat,2024,342.8,342.8
Yeola,Jawar,2024,342.8,342.8
Yeola,Bajra,2024,342.8,342.8
Yeola,Maize,2024,342.8,342.8
Yeola,Sugarcane,2024,342.8,342.8
Yeola,Grapes,2024,342.8,342.8
Yeola,Vegetables,2024,342.8,342.8
Yeola,Pulses,2024,342.8,342.8
Yeola,Oil seeds,2024,342.8,342.8
Yeola,Ric e,2023,123.7,123.7
Yeola,Wheat,2023,123.7,123.7
Yeola,Jawar,2023,123.7,123.7
Yeola,Bajra,2023,123.7,123.7
Yeola,Maize,2023,123.7,123.7
Yeola,Sugarcane,2023,123.7,123.7
Yeola,Grapes,2023,123.7,123.7
Yeola,Vegetables,2023,123.7,123.7
Yeola,Pulses,2023,123.7,123.7
Yeola,Oil seeds,2023,123.7,123.7
Yeola,Ric e,2022,132.8,132.8
Yeola,Wheat,2022,132.8,132.8
Yeola,Jawar,2022,132.8,132.8
Yeola,Bajra,2022,132.8,132.8
Yeola,Maize,2022,132.8,132.8
Yeola,Sugarcane,2022,132.8,132.8
Yeola,Grapes,2022,132.8,132.8
Yeola,Vegetables,2022,132.8,132.8
Yeola,Pulses,2022,132.8,132.8
Yeola,Oil seeds,2022,132.8,132.8
Yeola,Ric e,2021,123.8,123.8
Yeola,Wheat,2021,123.8,123.8
Yeola,Jawar,2021,123.8,123.8
Yeola,Bajra,2021,123.8,123.8
Yeola,Maize,2021,123.8,123.8
Yeola,Sugarcane,2021,123.8,123.8
Yeola,Grapes,2021,123.8,123.8
Yeola,Vegetables,2021,123.8,123.8
Yeola,Pulses,2021,123.8,123.8
Yeola,Oil seeds,2021,123.8,123.8
Yeola,Ric e,2020,165.7,165.7
Yeola,Wheat,2020,165.7,165.7
Yeola,Jawar,2020,165.7,165.7
Yeola,Bajra,2020,165.7,165.7
Yeola,Maize,2020,165.7,165.7
Yeola,Sugarcane,2020,165.7,165.7
Yeola,Grapes,2020,165.7,165.7
Yeola,Vegetables,2020,165.7,165.7
Yeola,Pulses,2020,165.7,165.7
Yeola,Oil seeds,2020,165.7,165.7
Yeola,Ric e,2019,412.8,412.8
Yeola,Wheat,2019,412.8,412.8
Yeola,Jawar,2019,412.8,412.8
Yeola,Bajra,2019,412.8,412.8
Yeola,Maize,2019,412.8,412.8
Yeola,Sugarcane,2019,412.8,412.8
Yeola,Grapes,2019,412.8,412.8
Yeola,Vegetables,2019,412.8,412.8
Yeola,Pulses,2019,412.8,412.8
Yeola,Oil seeds,2019,412.8,412.8
Yeola,Ric e,2018,412.8,412.8
Yeola,Wheat,2018,412.8,412.8
Yeola,Jawar,2018,412.8,412.8
Yeola,Bajra,2018,412.8,412.8
Yeola,Maize,2018,412.8,412.8
Yeola,Sugarcane,2018,412.8,412.8
Yeola,Grapes,2018,412.8,412.8
Yeola,Vegetables,2018,412.8,412.8
Yeola,Pulses,2018,412.8,412.8
Yeola,Oil seeds,2018,412.8,412.8
Yeola,Ric e,2017,206.9,206.9
Yeola,Wheat,2017,206.9,206.9
Yeola,Jawar,2017,206.9,206.9
Yeola,Bajra,2017,206.9,206.9
Yeola,Maize,2017,206.9,206.9
Yeola,Sugarcane,2017,206.9,206.9
Yeola,Grapes,2017,206.9,206.9
Yeola,Vegetables,2017,206.9,206.9
Yeola,Pulses,2017,206.9,206.9
Yeola,Oil seeds,2017,206.9,206.9
Yeola,Ric e,2016,235.8,235.8
Yeola,Wheat,2016,235.8,235.8
Yeola,Jawar,2016,235.8,235.8
Yeola,Bajra,2016,235.8,235.8
Yeola,Maize,2016,235.8,235.8
Yeola,Sugarcane,2016,235.8,235.8
Yeola,Grapes,2016,235.8,235.8
Yeola,Vegetables,2016,235.8,235.8
Yeola,Pulses,2016,235.8,235.8
Yeola,Oil seeds,2016,235.8,235.8
Yeola,Ric e,2015,211.5,211.5
Yeola,Wheat,2015,211.5,211.5
Yeola,Jawar,2015,211.5,211.5
Yeola,Bajra,2015,211.5,211.5
Yeola,Maize,2015,211.5,211.5
Yeola,Sugarcane,2015,211.5,211.5
Yeola,Grapes,2015,211.5,211.5
Yeola,Vegetables,2015,211.5,211.5
Yeola,Pulses,2015,211.5,211.5
Yeola,Oil seeds,2015,211.5,211.5
Yeola,Ric e,2014,321.6,321.6
Yeola,Wheat,2014,321.6,321.6
Yeola,Jawar,2014,321.6,321.6
Yeola,Bajra,2014,321.6,321.6
Yeola,Maize,2014,321.6,321.6
Yeola,Sugarcane,2014,321.6,321.6
Yeola,Grapes,2014,321.6,321.6
Yeola,Vegetables,2014,321.6,321.6
Yeola,Pulses,2014,321.6,321.6
Yeola,Oil seeds,2014,321.6,321.6
Malegaon,Ric e,2024,321.4,321.4
Malegaon,Wheat,2024,321.4,321.4
Malegaon,Jawar,2024,321.4,321.4
Malegaon,Bajra,2024,321.4,321.4
Malegaon,Maize,2024,321.4,321.4
Malegaon,Sugarcane,2024,321.4,321.4
Malegaon,Grapes,2024,321.4,321.4
Malegaon,Vegetables,2024,321.4,321.4
Malegaon,Pulses,2024,321.4,321.4
Malegaon,Oil seeds,2024,321.4,321.4
Malegaon,Ric e,2023,126.7,126.7
Malegaon,Wheat,2023,126.7,126.7
Malegaon,Jawar,2023,126.7,126.7
Malegaon,Bajra,2023,126.7,126.7
Malegaon,Maize,2023,126.7,126.7
Malegaon,Sugarcane,2023,126.7,126.7
Malegaon,Grapes,2023,126.7,126.7
Malegaon,Vegetables,2023,126.7,126.7
Malegaon,Pulses,2023,126.7,126.7
Malegaon,Oil seeds,2023,126.7,126.7
Malegaon,Ric e,2022,215.5,215.5
Malegaon,Wheat,2022,215.5,215.5
Malegaon,Jawar,2022,215.5,215.5
Malegaon,Bajra,2022,215.5,215.5
Malegaon,Maize,2022,215.5,215.5
Malegaon,Sugarcane,2022,215.5,215.5
Malegaon,Grapes,2022,215.5,215.5
Malegaon,Vegetables,2022,215.5,215.5
Malegaon,Pulses,2022,215.5,215.5
Malegaon,Oil seeds,2022,215.5,215.5
Malegaon,Ric e,2021,308.5,308.5
Malegaon,Wheat,2021,308.5,308.5
Malegaon,Jawar,2021,308.5,308.5
Malegaon,Bajra,2021,308.5,308.5
Malegaon,Maize,2021,308.5,308.5
Malegaon,Sugarcane,2021,308.5,308.5
Malegaon,Grapes,2021,308.5,308.5
Malegaon,Vegetables,2021,308.5,308.5
Malegaon,Pulses,2021,308.5,308.5
Malegaon,Oil seeds,2021,308.5,308.5
Malegaon,Ric e,2020,132.4,132.4
Malegaon,Wheat,2020,132.4,132.4
Malegaon,Jawar,2020,132.4,132.4
Malegaon,Bajra,2020,132.4,132.4
Malegaon,Maize,2020,132.4,132.4
Malegaon,Sugarcane,2020,132.4,132.4
Malegaon,Grapes,2020,132.4,132.4
Malegaon,Vegetables,2020,132.4,132.4
Malegaon,Pulses,2020,132.4,132.4
Malegaon,Oil seeds,2020,132.4,132.4
Malegaon,Ric e,2019,121.5,121.5
Malegaon,Wheat,2019,121.5,121.5
Malegaon,Jawar,2019,121.5,121.5
Malegaon,Bajra,2019,121.5,121.5
Malegaon,Maize,2019,121.5,121.5
Malegaon,Sugarcane,2019,121.5,121.5
Malegaon,Grapes,2019,121.5,121.5
Malegaon,Vegetables,2019,121.5,121.5
Malegaon,Pulses,2019,121.5,121.5
Malegaon,Oil seeds,2019,121.5,121.5
Malegaon,Ric e,2018,123.9,123.9
Malegaon,Wheat,2018,123.9,123.9
Malegaon,Jawar,2018,123.9,123.9
Malegaon,Bajra,2018,123.9,123.9
Malegaon,Maize,2018,123.9,123.9
Malegaon,Sugarcane,2018,123.9,123.9
Malegaon,Grapes,2018,123.9,123.9
Malegaon,Vegetables,2018,123.9,123.9
Malegaon,Pulses,2018,123.9,123.9
Malegaon,Oil seeds,2018,123.9,123.9
Malegaon,Ric e,2017,245.7,245.7
Malegaon,Wheat,2017,245.7,245.7
Malegaon,Jawar,2017,245.7,245.7
Malegaon,Bajra,2017,245.7,245.7
Malegaon,Maize,2017,245.7,245.7
Malegaon,Sugarcane,2017,245.7,245.7
Malegaon,Grapes,2017,245.7,245.7
Malegaon,Vegetables,2017,245.7,245.7
Malegaon,Pulses,2017,245.7,245.7
Malegaon,Oil seeds,2017,245.7,245.7
Malegaon,Ric e,2016,211.7,211.7
Malegaon,Wheat,2016,211.7,211.7
Malegaon,Jawar,2016,211.7,211.7
Malegaon,Bajra,2016,211.7,211.7
Malegaon,Maize,2016,211.7,211.7
Malegaon,Sugarcane,2016,211.7,211.7
Malegaon,Grapes,2016,211.7,211.7
Malegaon,Vegetables,2016,211.7,211.7
Malegaon,Pulses,2016,211.7,211.7
Malegaon,Oil seeds,2016,211.7,211.7
Malegaon,Ric e,2015,213.6,213.6
Malegaon,Wheat,2015,213.6,213.6
Malegaon,Jawar,2015,213.6,213.6
Malegaon,Bajra,2015,213.6,213.6
Malegaon,Maize,2015,213.6,213.6
Malegaon,Sugarcane,2015,213.6,213.6
Malegaon,Grapes,2015,213.6,213.6
Malegaon,Vegetables,2015,213.6,213.6
Malegaon,Pulses,2015,213.6,213.6
Malegaon,Oil seeds,2015,213.6,213.6
Malegaon,Ric e,2014,254.5,254.5
Malegaon,Wheat,2014,254.5,254.5
Malegaon,Jawar,2014,254.5,254.5
Malegaon,Bajra,2014,254.5,254.5
Malegaon,Maize,2014,254.5,254.5
Malegaon,Sugarcane,2014,254.5,254.5
Malegaon,Grapes,2014,254.5,254.5
Malegaon,Vegetables,2014,254.5,254.5
Malegaon,Pulses,2014,254.5,254.5
Malegaon,Oil seeds,2014,254.5,254.5
Satana,Ric e,2024,222.7,222.7
Satana,Wheat,2024,222.7,222.7
Satana,Jawar,2024,222.7,222.7
Satana,Bajra,2024,222.7,222.7
Satana,Maize,2024,222.7,222.7
Satana,Sugarcane,2024,222.7,222.7
Satana,Grapes,2024,222.7,222.7
Satana,Vegetables,2024,222.7,222.7
Satana,Pulses,2024,222.7,222.7
Satana,Oil seeds,2024,222.7,222.7
Satana,Ric e,2023,345.1,345.1
Satana,Wheat,2023,345.1,345.1
Satana,Jawar,2023,345.1,345.1
Satana,Bajra,2023,345.1,345.1
Satana,Maize,2023,345.1,345.1
Satana,Sugarcane,2023,345.1,345.1
Satana,Grapes,2023,345.1,345.1
Satana,Vegetables,2023,345.1,345.1
Satana,Pulses,2023,345.1,345.1
Satana,Oil seeds,2023,345.1,345.1
Satana,Ric e,2022,231.7,231.7
Satana,Wheat,2022,231.7,231.7
Satana,Jawar,2022,231.7,231.7
Satana,Bajra,2022,231.7,231.7
Satana,Maize,2022,231.7,231.7
Satana,Sugarcane,2022,231.7,231.7
Satana,Grapes,2022,231.7,231.7
Satana,Vegetables,2022,231.7,231.7
Satana,Pulses,2022,231.7,231.7
Satana,Oil seeds,2022,231.7,231.7
Satana,Ric e,2021,277.1,277.1
Satana,Wheat,2021,277.1,277.1
Satana,Jawar,2021,277.1,277.1
Satana,Bajra,2021,277.1,277.1
Satana,Maize,2021,277.1,277.1
Satana,Sugarcane,2021,277.1,277.1
Satana,Grapes,2021,277.1,277.1
Satana,Vegetables,2021,277.1,277.1
Satana,Pulses,2021,277.1,277.1
Satana,Oil seeds,2021,277.1,277.1
Satana,Ric e,2020,213.9,213.9
Satana,Wheat,2020,213.9,213.9
Satana,Jawar,2020,213.9,213.9
Satana,Bajra,2020,213.9,213.9
Satana,Maize,2020,213.9,213.9
Satana,Sugarcane,2020,213.9,213.9
Satana,Grapes,2020,213.9,213.9
Satana,Vegetables,2020,213.9,213.9
Satana,Pulses,2020,213.9,213.9
Satana,Oil seeds,2020,213.9,213.9
Satana,Ric e,2019,324.1,324.1
Satana,Wheat,2019,324.1,324.1
Satana,Jawar,2019,324.1,324.1
Satana,Bajra,2019,324.1,324.1
Satana,Maize,2019,324.1,324.1
Satana,Sugarcane,2019,324.1,324.1
Satana,Grapes,2019,324.1,324.1
Satana,Vegetables,2019,324.1,324.1
Satana,Pulses,2019,324.1,324.1
Satana,Oil seeds,2019,324.1,324.1
Satana,Ric e,2018,267.1,267.1
Satana,Wheat,2018,267.1,267.1
Satana,Jawar,2018,267.1,267.1
Satana,Bajra,2018,267.1,267.1
Satana,Maize,2018,267.1,267.1
Satana,Sugarcane,2018,267.1,267.1
Satana,Grapes,2018,267.1,267.1
Satana,Vegetables,2018,267.1,267.1
Satana,Pulses,2018,267.1,267.1
Satana,Oil seeds,2018,267.1,267.1
Satana,Ric e,2017,213.9,213.9
Satana,Wheat,2017,213.9,213.9
Satana,Jawar,2017,213.9,213.9
Satana,Bajra,2017,213.9,213.9
Satana,Maize,2017,213.9,213.9
Satana,Sugarcane,2017,213.9,213.9
Satana,Grapes,2017,213.9,213.9
Satana,Vegetables,2017,213.9,213.9
Satana,Pulses,2017,213.9,213.9
Satana,Oil seeds,2017,213.9,213.9
Satana,Ric e,2016,321.8,321.8
Satana,Wheat,2016,321.8,321.8
Satana,Jawar,2016,321.8,321.8
Satana,Bajra,2016,321.8,321.8
Satana,Maize,2016,321.8,321.8
Satana,Sugarcane,2016,321.8,321.8
Satana,Grapes,2016,321.8,321.8
Satana,Vegetables,2016,321.8,321.8
Satana,Pulses,2016,321.8,321.8
Satana,Oil seeds,2016,321.8,321.8
Satana,Ric e,2015,212.2,212.2
Satana,Wheat,2015,212.2,212.2
Satana,Jawar,2015,212.2,212.2
Satana,Bajra,2015,212.2,212.2
Satana,Maize,2015,212.2,212.2
Satana,Sugarcane,2015,212.2,212.2
Satana,Grapes,2015,212.2,212.2
Satana,Vegetables,2015,212.2,212.2
Satana,Pulses,2015,212.2,212.2
Satana,Oil seeds,2015,212.2,212.2
Satana,Ric e,2014,212.7,212.7
Satana,Wheat,2014,212.7,212.7
Satana,Jawar,2014,212.7,212.7
Satana,Bajra,2014,212.7,212.7
Satana,Maize,2014,212.7,212.7
Satana,Sugarcane,2014,212.7,212.7
Satana,Grapes,2014,212.7,212.7
Satana,Vegetables,2014,212.7,212.7
Satana,Pulses,2014,212.7,212.7
Satana,Oil seeds,2014,212.7,212.7
Nandgaon,Ric e,2024,132,132
Nandgaon,Wheat,2024,132,132
Nandgaon,Jawar,2024,132,132
Nandgaon,Bajra,2024,132,132
Nandgaon,Maize,2024,132,132
Nandgaon,Sugarcane,2024,132,132
Nandgaon,Grapes,2024,132,132
Nandgaon,Vegetables,2024,132,132
Nandgaon,Pulses,2024,132,132
Nandgaon,Oil seeds,2024,132,132
Nandgaon,Ric e,2023,212.9,212.9
Nandgaon,Wheat,2023,212.9,212.9
Nandgaon,Jawar,2023,212.9,212.9
Nandgaon,Bajra,2023,212.9,212.9
Nandgaon,Maize,2023,212.9,212.9
Nandgaon,Sugarcane,2023,212.9,212.9
Nandgaon,Grapes,2023,212.9,212.9
Nandgaon,Vegetables,2023,212.9,212.9
Nandgaon,Pulses,2023,212.9,212.9
Nandgaon,Oil seeds,2023,212.9,212.9
Nandgaon,Ric e,2022,212.8,212.8
Nandgaon,Wheat,2022,212.8,212.8
Nandgaon,Jawar,2022,212.8,212.8
Nandgaon,Bajra,2022,212.8,212.8
Nandgaon,Maize,2022,212.8,212.8
Nandgaon,Sugarcane,2022,212.8,212.8
Nandgaon,Grapes,2022,212.8,212.8
Nandgaon,Vegetables,2022,212.8,212.8
Nandgaon,Pulses,2022,212.8,212.8
Nandgaon,Oil seeds,2022,212.8,212.8
Nandgaon,Ric e,2021,254.8,254.8
Nandgaon,Wheat,2021,254.8,254.8
Nandgaon,Jawar,2021,254.8,254.8
Nandgaon,Bajra,2021,254.8,254.8
Nandgaon,Maize,2021,254.8,254.8
Nandgaon,Sugarcane,2021,254.8,254.8
Nandgaon,Grapes,2021,254.8,254.8
Nandgaon,Vegetables,2021,254.8,254.8
Nandgaon,Pulses,2021,254.8,254.8
Nandgaon,Oil seeds,2021,254.8,254.8
Nandgaon,Ric e,2020,213.9,213.9
Nandgaon,Wheat,2020,213.9,213.9
Nandgaon,Jawar,2020,213.9,213.9
Nandgaon,Bajra,2020,213.9,213.9
Nandgaon,Maize,2020,213.9,213.9
Nandgaon,Sugarcane,2020,213.9,213.9
Nandgaon,Grapes,2020,213.9,213.9
Nandgaon,Vegetables,2020,213.9,213.9
Nandgaon,Pulses,2020,213.9,213.9
Nandgaon,Oil seeds,2020,213.9,213.9
Nandgaon,Ric e,2019,321,321
Nandgaon,Wheat,2019,321,321
Nandgaon,Jawar,2019,321,321
Nandgaon,Bajra,2019,321,321
Nandgaon,Maize,2019,321,321
Nandgaon,Sugarcane,2019,321,321
Nandgaon,Grapes,2019,321,321
Nandgaon,Vegetables,2019,321,321
Nandgaon,Pulses,2019,321,321
Nandgaon,Oil seeds,2019,321,321
Nandgaon,Ric e,2018,786,786
Nandgaon,Wheat,2018,786,786
Nandgaon,Jawar,2018,786,786
Nandgaon,Bajra,2018,786,786
Nandgaon,Maize,2018,786,786
Nandgaon,Sugarcane,2018,786,786
Nandgaon,Grapes,2018,786,786
Nandgaon,Vegetables,2018,786,786
Nandgaon,Pulses,2018,786,786
Nandgaon,Oil seeds,2018,786,786
Nandgaon,Ric e,2017,212,212
Nandgaon,Wheat,2017,212,212
Nandgaon,Jawar,2017,212,212
Nandgaon,Bajra,2017,212,212
Nandgaon,Maize,2017,212,212
Nandgaon,Sugarcane,2017,212,212
Nandgaon,Grapes,2017,212,212
Nandgaon,Vegetables,2017,212,212
Nandgaon,Pulses,2017,212,212
Nandgaon,Oil seeds,2017,212,212
Nandgaon,Ric e,2016,122.6,122.6
Nandgaon,Wheat,2016,122.6,122.6
Nandgaon,Jawar,2016,122.6,122.6
Nandgaon,Bajra,2016,122.6,122.6
Nandgaon,Maize,2016,122.6,122.6
Nandgaon,Sugarcane,2016,122.6,122.6
Nandgaon,Grapes,2016,122.6,122.6
Nandgaon,Vegetables,2016,122.6,122.6
Nandgaon,Pulses,2016,122.6,122.6
Nandgaon,Oil seeds,2016,122.6,122.6
Nandgaon,Ric e,2015,323.78,323.78
Nandgaon,Wheat,2015,323.78,323.78
Nandgaon,Jawar,2015,323.78,323.78
Nandgaon,Bajra,2015,323.78,323.78
Nandgaon,Maize,2015,323.78,323.78
Nandgaon,Sugarcane,2015,323.78,323.78
Nandgaon,Grapes,2015,323.78,323.78
Nandgaon,Vegetables,2015,323.78,323.78
Nandgaon,Pulses,2015,323.78,323.78
Nandgaon,Oil seeds,2015,323.78,323.78
Nandgaon,Ric e,2014,23.9,23.9
Nandgaon,Wheat,2014,23.9,23.9
Nandgaon,Jawar,2014,23.9,23.9
Nandgaon,Bajra,2014,23.9,23.9
Nandgaon,Maize,2014,23.9,23.9
Nandgaon,Sugarcane,2014,23.9,23.9
Nandgaon,Grapes,2014,23.9,23.9
Nandgaon,Vegetables,2014,23.9,23.9
Nandgaon,Pulses,2014,23.9,23.9
Nandgaon,Oil seeds,2014,23.9,23.9
Dindori,Ric e,2024,34,34
Dindori,Wheat,2024,34,34
Dindori,Jawar,2024,34,34
Dindori,Bajra,2024,34,34
Dindori,Maize,2024,34,34
Dindori,Sugarcane,2024,34,34
Dindori,Grapes,2024,34,34
Dindori,Vegetables,2024,34,34
Dindori,Pulses,2024,34,34
Dindori,Oil seeds,2024,34,34
Dindori,Ric e,2023,98,98
Dindori,Wheat,2023,98,98
Dindori,Jawar,2023,98,98
Dindori,Bajra,2023,98,98
Dindori,Maize,2023,98,98
Dindori,Sugarcane,2023,98,98
Dindori,Grapes,2023,98,98
Dindori,Vegetables,2023,98,98
Dindori,Pulses,2023,98,98
Dindori,Oil seeds,2023,98,98
Dindori,Ric e,2022,67,67
Dindori,Wheat,2022,67,67
Dindori,Jawar,2022,67,67
Dindori,Bajra,2022,67,67
Dindori,Maize,2022,67,67
Dindori,Sugarcane,2022,67,67
Dindori,Grapes,2022,67,67
Dindori,Vegetables,2022,67,67
Dindori,Pulses,2022,67,67
Dindori,Oil seeds,2022,67,67
Dindori,Ric e,2021,56,56
Dindori,Wheat,2021,56,56
Dindori,Jawar,2021,56,56
Dindori,Bajra,2021,56,56
Dindori,Maize,2021,56,56
Dindori,Sugarcane,2021,56,56
Dindori,Grapes,2021,56,56
Dindori,Vegetables,2021,56,56
Dindori,Pulses,2021,56,56
Dindori,Oil seeds,2021,56,56
Dindori,Ric e,2020,21,21
Dindori,Wheat,2020,21,21
Dindori,Jawar,2020,21,21
Dindori,Bajra,2020,21,21
Dindori,Maize,2020,21,21
Dindori,Sugarcane,2020,21,21
Dindori,Grapes,2020,21,21
Dindori,Vegetables,2020,21,21
Dindori,Pulses,2020,21,21
Dindori,Oil seeds,2020,21,21
Dindori,Ric e,2019,32,32
Dindori,Wheat,2019,32,32
Dindori,Jawar,2019,32,32
Dindori,Bajra,2019,32,32
Dindori,Maize,2019,32,32
Dindori,Sugarcane,2019,32,32
Dindori,Grapes,2019,32,32
Dindori,Vegetables,2019,32,32
Dindori,Pulses,2019,32,32
Dindori,Oil seeds,2019,32,32
Dindori,Ric e,2018,4532,4532
Dindori,Wheat,2018,4532,4532
Dindori,Jawar,2018,4532,4532
Dindori,Bajra,2018,4532,4532
Dindori,Maize,2018,4532,4532
Dindori,Sugarcane,2018,4532,4532
Dindori,Grapes,2018,4532,4532
Dindori,Vegetables,2018,4532,4532
Dindori,Pulses,2018,4532,4532
Dindori,Oil seeds,2018,4532,4532
Dindori,Ric e,2017,3214,3214
Dindori,Wheat,2017,3214,3214
Dindori,Jawar,2017,3214,3214
Dindori,Bajra,2017,3214,3214
Dindori,Maize,2017,3214,3214
Dindori,Sugarcane,2017,3214,3214
Dindori,Grapes,2017,3214,3214
Dindori,Vegetables,2017,3214,3214
Dindori,Pulses,2017,3214,3214
Dindori,Oil seeds,2017,3214,3214
Dindori,Ric e,2016,121,121
Dindori,Wheat,2016,121,121
Dindori,Jawar,2016,121,121
Dindori,Bajra,2016,121,121
Dindori,Maize,2016,121,121
Dindori,Sugarcane,2016,121,121
Dindori,Grapes,2016,121,121
Dindori,Vegetables,2016,121,121
Dindori,Pulses,2016,121,121
Dindori,Oil seeds,2016,121,121
Dindori,Ric e,2015,877,877
Dindori,Wheat,2015,877,877
Dindori,Jawar,2015,877,877
Dindori,Bajra,2015,877,877
Dindori,Maize,2015,877,877
Dindori,Sugarcane,2015,877,877
Dindori,Grapes,2015,877,877
Dindori,Vegetables,2015,877,877
Dindori,Pulses,2015,877,877
Dindori,Oil seeds,2015,877,877
Dindori,Ric e,2014,232,232
Dindori,Wheat,2014,232,232
Dindori,Jawar,2014,232,232
Dindori,Bajra,2014,232,232
Dindori,Maize,2014,232,232
Dindori,Sugarcane,2014,232,232
Dindori,Grapes,2014,232,232
Dindori,Vegetables,2014,232,232
Dindori,Pulses,2014,232,232
Dindori,Oil seeds,2014,232,232
Deola,Ric e,2024,987,987
Deola,Wheat,2024,987,987
Deola,Jawar,2024,987,987
Deola,Bajra,2024,987,987
Deola,Maize,2024,987,987
Deola,Sugarcane,2024,987,987
Deola,Grapes,2024,987,987
Deola,Vegetables,2024,987,987
Deola,Pulses,2024,987,987
Deola,Oil seeds,2024,987,987
Deola,Ric e,2023,323,323
Deola,Wheat,2023,323,323
Deola,Jawar,2023,323,323
Deola,Bajra,2023,323,323
Deola,Maize,2023,323,323
Deola,Sugarcane,2023,323,323
Deola,Grapes,2023,323,323
Deola,Vegetables,2023,323,323
Deola,Pulses,2023,323,323
Deola,Oil seeds,2023,323,323
Deola,Ric e,2022,23.9,23.9
Deola,Wheat,2022,23.9,23.9
Deola,Jawar,2022,23.9,23.9
Deola,Bajra,2022,23.9,23.9
Deola,Maize,2022,23.9,23.9
Deola,Sugarcane,2022,23.9,23.9
Deola,Grapes,2022,23.9,23.9
Deola,Vegetables,2022,23.9,23.9
Deola,Pulses,2022,23.9,23.9
Deola,Oil seeds,2022,23.9,23.9
Deola,Ric e,2021,34,34
Deola,Wheat,2021,34,34
Deola,Jawar,2021,34,34
Deola,Bajra,2021,34,34
Deola,Maize,2021,34,34
Deola,Sugarcane,2021,34,34
Deola,Grapes,2021,34,34
Deola,Vegetables,2021,34,34
Deola,Pulses,2021,34,34
Deola,Oil seeds,2021,34,34
Deola,Ric e,2020,98,98
Deola,Wheat,2020,98,98
Deola,Jawar,2020,98,98
Deola,Bajra,2020,98,98
Deola,Maize,2020,98,98
Deola,Sugarcane,2020,98,98
Deola,Grapes,2020,98,98
Deola,Vegetables,2020,98,98
Deola,Pulses,2020,98,98
Deola,Oil seeds,2020,98,98
Deola,Ric e,2019,67,67
Deola,Wheat,2019,67,67
Deola,Jawar,2019,67,67
Deola,Bajra,2019,67,67
Deola,Maize,2019,67,67
Deola,Sugarcane,2019,67,67
Deola,Grapes,2019,67,67
Deola,Vegetables,2019,67,67
Deola,Pulses,2019,67,67
Deola,Oil seeds,2019,67,67
Deola,Ric e,2018,56,56
Deola,Wheat,2018,56,56
Deola,Jawar,2018,56,56
Deola,Bajra,2018,56,56
Deola,Maize,2018,56,56
Deola,Sugarcane,2018,56,56
Deola,Grapes,2018,56,56
Deola,Vegetables,2018,56,56
Deola,Pulses,2018,56,56
Deola,Oil seeds,2018,56,56
Deola,Ric e,2017,21,21
Deola,Wheat,2017,21,21
Deola,Jawar,2017,21,21
Deola,Bajra,2017,21,21
Deola,Maize,2017,21,21
Deola,Sugarcane,2017,21,21
Deola,Grapes,2017,21,21
Deola,Vegetables,2017,21,21
Deola,Pulses,2017,21,21
Deola,Oil seeds,2017,21,21
Deola,Ric e,2016,32,32
Deola,Wheat,2016,32,32
Deola,Jawar,2016,32,32
Deola,Bajra,2016,32,32
Deola,Maize,2016,32,32
Deola,Sugarcane,2016,32,32
Deola,Grapes,2016,32,32
Deola,Vegetables,2016,32,32
Deola,Pulses,2016,32,32
Deola,Oil seeds,2016,32,32
Deola,Ric e,2015,4532,4532
Deola,Wheat,2015,4532,4532
Deola,Jawar,2015,4532,4532
Deola,Bajra,2015,4532,4532
Deola,Maize,2015,4532,4532
Deola,Sugarcane,2015,4532,4532
Deola,Grapes,2015,4532,4532
Deola,Vegetables,2015,4532,4532
Deola,Pulses,2015,4532,4532
Deola,Oil seeds,2015,4532,4532
Deola,Ric e,2014,321,321
Deola,Wheat,2014,321,321
Deola,Jawar,2014,321,321
Deola,Bajra,2014,321,321
Deola,Maize,2014,321,321
Deola,Sugarcane,2014,321,321
Deola,Grapes,2014,321,321
Deola,Vegetables,2014,321,321
Deola,Pulses,2014,321,321
Deola,Oil seeds,2014,321,321
